{
  "export_version": 1,
  "exported_at": 1767006888,
  "vault_meta": {
    "vault_version": "1",
    "kdf_salt": "oV0bszE05Ca2ogVFf5soPw==",
    "kdf_n": "16384",
    "kdf_r": "8",
    "kdf_p": "1",
    "kdf_len": "32",
    "verify_blob": "v1:uaLHuLbx456q4p_N:nwFg8-LqZvtPPOBtbZFejb3BSTEsADA9u251",
    "created_at": "1766865686"
  },
  "vault_items": [
    {
      "id": "991652e1-2061-4753-bc60-308a257f2831",
      "type": "web",
      "title": "aaa",
      "encrypted_data": "v1:djOjmIy_7YtBX_68:4AYjTwU4l0lnEF-KuZ26iCw_iuLXFkulpnjotsLpINUahmMhpcbZPK6uLKLqNHSG36GmJFITINSzT3k88-UiRNwQmBZzdagIVAMuWmWwiLuZumwSRf6zW_wBvhNCLP2sY1sglg==",
      "created_at": 1766995390,
      "updated_at": 1766995390
    },
    {
      "id": "d4dbd003-0915-481d-a25a-f60b95b2101f",
      "type": "web",
      "title": "deneme",
      "encrypted_data": "v1:8LTM3gpteXdWO-Zn:oIe2KzTrgnONONcnwfoIllS10-vcDlxi9_FCQPZGb4G0eIa2KT9efWRb4vdXeo1-4heoe10kWI7XxsIJgnTlena_oxGdcgtg1zyW0Sm9NQOdfZmzu6haRvbhbVIbnOgYJGcf394UTgK7YpZFHGxH",
      "created_at": 1766909921,
      "updated_at": 1766909921
    },
    {
      "id": "838e29d5-346c-4baf-9aaf-f44d2726ab90",
      "type": "web",
      "title": "leetcode",
      "encrypted_data": "v1:f3Pt4FtQnhhC-Mtl:TPQ7MIuyurm28SNdkUx1lCuai_urm0qkoWHe0MQIqfctRogmNo1Bh5gPkxFLdIsMBnYL3743CV8UMb4kjqEoeuzm-4solKNGXrRO5ujWFHxz8yDYrl5kzSancAo33zTpm4JXlPRMQBhpFPtpKePfkzhgW-hxPX_BgtRORO9PjWv3",
      "created_at": 1766909838,
      "updated_at": 1766909871
    },
    {
      "id": "a65a3f40-c755-41d2-a220-62900dee1d80",
      "type": "web",
      "title": "recinan.net",
      "encrypted_data": "v1:GkXt-8TLcbJHX1Xf:KnMLfUmTIocfj3M3dHgyzvK6LyG3D9B2-eSziyt096A-N8TUliTPiv1axUM1UMwev5qKt1zlFTwyMqT_i1ojc9j_M2bT5lCM3ESWE0GwC6EQYCbKBmrrHTg5Ddby4EmI2LltLZc2GKcMDMyzkNsNyjKL7WLkamliboE=",
      "created_at": 1766865890,
      "updated_at": 1766865890
    }
  ]
}